<mbean name="dcm4chee.archive:service=HPScp">
<attribute name="CalledAETitles"/>
<attribute name="CallingAETitles"/>
<attribute name="AcceptedTransferSyntax"/>
<attribute name="SendPendingMoveResponse"/>
<attribute name="MaximumPDULength"/>
<attribute name="MaximumOperationsInvoked"/>
<attribute name="MaximumOperationsPerformed"/>
<attribute name="AcceptTimeout"/>
<attribute name="DIMSETimeout"/>
<attribute name="SocketCloseDelay"/>
<attribute name="TcpNoDelay"/>
<attribute name="SendBufferSize"/>
<attribute name="ReceiveBufferSize"/>
<attribute name="QueryAccessBlobAsLongVarBinary"/>
<attribute name="RetrieveAccessBlobAsLongVarBinary"/>
<attribute name="QueryTransactionIsolationLevel"/>
<attribute name="RetrieveTransactionIsolationLevel"/>
<attribute name="DcmServerName"/>
<attribute name="TLSConfigName"/>
<attribute name="AuditLoggerName"/>
<attribute name="AEServiceName"/>
<attribute name="State"/>
</mbean>
