<mbean name="dcm4chee.archive:service=PPSScu">
<attribute name="DestinationAETitles"/>
<attribute name="CallingAETitle"/>
<attribute name="PpsUidSuffix"/>
<attribute name="CopyWorkitemCode"/>
<attribute name="CopyStationNameCode"/>
<attribute name="CopyStationClassCode"/>
<attribute name="CopyStationGeographicLocationCode"/>
<attribute name="CopyProcessingApplicationsCode"/>
<attribute name="Concurrency"/>
<attribute name="RetryIntervals"/>
<attribute name="AcceptTimeout"/>
<attribute name="DIMSETimeout"/>
<attribute name="SocketCloseDelay"/>
<attribute name="MaximumPDULength"/>
<attribute name="TcpNoDelay"/>
<attribute name="SendBufferSize"/>
<attribute name="ReceiveBufferSize"/>
<attribute name="QueueName"/>
<attribute name="JMSServiceName"/>
<attribute name="GpwlScpServiceName"/>
<attribute name="TLSConfigName"/>
<attribute name="State"/>
</mbean>
