<mbean name="dcm4chee.archive:service=StgCmtScuScp">
<attribute name="CalledAETitles"/>
<attribute name="CallingAETitles"/>
<attribute name="ReceiveResultInSameAssociationTimeout"/>
<attribute name="SCURetryIntervals"/>
<attribute name="SCPRetryIntervals"/>
<attribute name="AcceptedTransferSyntax"/>
<attribute name="Concurrency"/>
<attribute name="MaximumPDULength"/>
<attribute name="MaximumOperationsInvoked"/>
<attribute name="MaximumOperationsPerformed"/>
<attribute name="AcceptTimeout"/>
<attribute name="DIMSETimeout"/>
<attribute name="SocketCloseDelay"/>
<attribute name="TcpNoDelay"/>
<attribute name="SendBufferSize"/>
<attribute name="ReceiveBufferSize"/>
<attribute name="QueueName"/>
<attribute name="JMSServiceName"/>
<attribute name="QueryRetrieveScpServiceName"/>
<attribute name="DcmServerName"/>
<attribute name="TLSConfigName"/>
<attribute name="AEServiceName"/>
<attribute name="State"/>
</mbean>
