<mbean name="dcm4chee.archive:service=StoreScp">
<attribute name="CalledAETitles"/>
<attribute name="CallingAETitles"/>
<attribute name="UnrestrictedAppendPermissionsToAETitles"/>
<attribute name="WarnForCoercedAETitles"/>
<attribute name="AcceptMismatchAffectedSOPInstanceUIDCallingAETiles"/>
<attribute name="DefaultFileSystemGroupID"/>
<attribute name="AcceptMissingPatientID"/>
<attribute name="AcceptMissingPatientName"/>
<attribute name="GeneratePatientID"/>
<attribute name="IssuerOfPatientIDGeneratedPatientID"/>
<attribute name="SupplementIssuerOfPatientID"/>
<attribute name="GeneratePatientIDForUnscheduledFromAETitles"/>
<attribute name="StudyDateInFilePath"/>
<attribute name="SourceAETInFilePath"/>
<attribute name="YearInFilePath"/>
<attribute name="MonthInFilePath"/>
<attribute name="DayInFilePath"/>
<attribute name="HourInFilePath"/>
<attribute name="ReferencedDirectoryPath"/>
<attribute name="ReferencedFileSystemGroupID"/>
<attribute name="ReadReferencedFile"/>
<attribute name="Md5sumReferencedFile"/>
<attribute name="Md5sum"/>
<attribute name="StoreDuplicatesIfDifferentMD5"/>
<attribute name="StoreDuplicatesIfDifferentHost"/>
<attribute name="CompressionRules"/>
<attribute name="CheckPendingSeriesStoredInterval"/>
<attribute name="PendingSeriesStoredTimeout"/>
<attribute name="SerializeDBUpdate"/>
<attribute name="UpdateDatabaseMaximumRetries "/>
<attribute name="UpdateDatabaseRetryInterval"/>
<attribute name="AcceptedImageSOPClasses"/>
<attribute name="AcceptedTransferSyntaxForImageSOPClasses"/>
<attribute name="AcceptedVideoSOPClasses"/>
<attribute name="AcceptedTransferSyntaxForVideoSOPClasses"/>
<attribute name="AcceptedWaveformSOPClasses"/>
<attribute name="AcceptedTransferSyntaxForWaveformSOPClasses"/>
<attribute name="AcceptedSRSOPClasses"/>
<attribute name="AcceptedTransferSyntaxForSRSOPClasses"/>
<attribute name="AcceptedOtherSOPClasses"/>
<attribute name="AcceptedTransferSyntaxForOtherSOPClasses"/>
<attribute name="CheckIncorrectWorklistEntry"/>
<attribute name="MaximumPDULength"/>
<attribute name="MaximumOperationsInvoked"/>
<attribute name="MaximumOperationsPerformed"/>
<attribute name="BufferSize"/>
<attribute name="LogAETitles"/>
<attribute name="CoerceConfigDirectory"/>
<attribute name="WriteCoercionXmlLog"/>
<attribute name="CoerceBeforeWrite"/>
<attribute name="TimerIDCheckPendingSeriesStored"/>
<attribute name="SchedulerServiceName"/>
<attribute name="FileSystemMgtServiceNamePrefix"/>
<attribute name="MwlScuServiceName"/>
<attribute name="DcmServerName"/>
<attribute name="AuditLoggerName"/>
<attribute name="TemplatesServiceName"/>
<attribute name="PerfMonServiceName"/>
<attribute name="AEServiceName"/>
<attribute name="State"/>
</mbean>
