<?xml version="1.0" encoding="UTF-8"?>

<datasources>
  <local-tx-datasource>
    <jndi-name>pacsDS</jndi-name>
    <connection-url>jdbc:firebirdsql://localhost:3050/pacsdb.fdb</connection-url>
    <driver-class>org.firebirdsql.jdbc.FBDriver</driver-class>
    <user-name>pacs</user-name>
    <password>pacs</password>
    <!-- sql to call when connection is created
    <new-connection-sql>some arbitrary sql</new-connection-sql>
      -->
    <!-- sql to call on an existing pooled connection when it is obtained from pool
    <check-valid-connection-sql>some arbitrary sql</check-valid-connection-sql>
      -->

    <!-- corresponding type-mapping in the standardjbosscmp-jdbc.xml (optional) -->
    <metadata>
       <type-mapping>Firebird</type-mapping>
    </metadata>
  </local-tx-datasource>
</datasources>
