<mbean name="dcm4chee.archive:service=MWLReplica">
<attribute name="CalledAET"/>
<attribute name="CallingAET"/>
<attribute name="TaskInterval"/>
<attribute name="TimeBefore"/>
<attribute name="TimeAfter"/>
<attribute name="IssuerOfPatient"/>
<attribute name="ForceIssuerCoercion"/>
<attribute name="DebugMode"/>
<attribute name="AcceptTimeout"/>
<attribute name="DIMSETimeout"/>
<attribute name="SocketCloseDelay"/>
<attribute name="MaximumPDULength"/>
<attribute name="TcpNoDelay"/>
<attribute name="SendBufferSize"/>
<attribute name="ReceiveBufferSize"/>
<attribute name="Priority"/>
<attribute name="TLSConfigName"/>
<attribute name="TemplatesServiceName"/>
<attribute name="SchedulerServiceName"/>
<attribute name="TimerID"/>
<attribute name="State"/>
</mbean>
