<mbean name="dcm4chee.archive:service=IANScu">
<attribute name="NotifiedAETitles"/>
<attribute name="NotifyOtherServices"/>
<attribute name="SendOneIANforEachMPPS"/>
<attribute name="CallingAETitle"/>
<attribute name="RetryIntervals"/>
<attribute name="OfferStudyContentNotification"/>
<attribute name="PreferInstanceAvailableNotification"/>
<attribute name="Concurrency"/>
<attribute name="StudyContentNotificationPriority"/>
<attribute name="AcceptTimeout"/>
<attribute name="DIMSETimeout"/>
<attribute name="SocketCloseDelay"/>
<attribute name="MaximumPDULength"/>
<attribute name="TcpNoDelay"/>
<attribute name="SendBufferSize"/>
<attribute name="ReceiveBufferSize"/>
<attribute name="QueueName"/>
<attribute name="JMSServiceName"/>
<attribute name="StoreScpServiceName"/>
<attribute name="MppsScpServiceName"/>
<attribute name="DeleteStudyServiceName"/>
<attribute name="TLSConfigName"/>
<attribute name="State"/>
</mbean>
