<mbean name="dcm4chee.archive:service=MCMScu">
<attribute name="CallingAETitle"/>
<attribute name="RetrieveAETitle"/>
<attribute name="MoveDestinationAETitle"/>
<attribute name="McmScpAETitle"/>
<attribute name="Concurrency"/>
<attribute name="FileSetIdPrefix"/>
<attribute name="NumberOfCopies"/>
<attribute name="MaxMediaUsage"/>
<attribute name="MinStudyAge"/>
<attribute name="MaxStudyAge"/>
<attribute name="ScheduleMediaInterval"/>
<attribute name="UpdateMediaStatusInterval"/>
<attribute name="BurnMediaInterval"/>
<attribute name="AutomaticMediaCreation"/>
<attribute name="NotifyBurnMediaEmailTo"/>
<attribute name="NotifyBurnMediaEmailFrom"/>
<attribute name="Priority"/>
<attribute name="IncludeNonDicomObj"/>
<attribute name="UseInstanceInfo"/>
<attribute name="TimerIDCheckForMediaToBurn"/>
<attribute name="TimerIDCheckForStudiesToSchedule"/>
<attribute name="TimerIDCheckMediaStatus"/>
<attribute name="AcceptTimeout"/>
<attribute name="DIMSETimeout"/>
<attribute name="SocketCloseDelay"/>
<attribute name="MaximumPDULength"/>
<attribute name="TcpNoDelay"/>
<attribute name="SendBufferSize"/>
<attribute name="ReceiveBufferSize"/>
<attribute name="QueueName"/>
<attribute name="SendmailServiceName"/>
<attribute name="SchedulerServiceName"/>
<attribute name="JMSServiceName"/>
<attribute name="TLSConfigName"/>
<attribute name="State"/>
</mbean>
