<mbean name="dcm4chee.archive:service=SyncFileStatus">
<attribute name="MonitoredFileSystem"/>
<attribute name="MinimumFileAge"/>
<attribute name="CheckFileStatus"/>
<attribute name="CommandFailedFileStatus"/>
<attribute name="NonZeroExitFileStatus"/>
<attribute name="NoMatchFileStatus"/>
<attribute name="MatchFileStatus"/>
<attribute name="Command"/>
<attribute name="Pattern"/>
<attribute name="TaskInterval"/>
<attribute name="NumberOfFilesPerTask"/>
<attribute name="TimerIDCheckSyncFileStatus"/>
<attribute name="SchedulerServiceName"/>
<attribute name="State"/>
</mbean>
