<mbean name="dcm4chee.archive:service=XDS-I">
<attribute name="SourceID"/>
<attribute name="AutoPublishSourceAETitles"/>
<attribute name="DocRepositoryURI"/>
<attribute name="DocRepositoryAET"/>
<attribute name="MetadataPropertyFile"/>
<attribute name="DocTitleCodeListFile"/>
<attribute name="EventCodeListFile"/>
<attribute name="ClassCodeListFile"/>
<attribute name="ContentTypeCodes"/>
<attribute name="HealthCareFacilityTypeCode"/>
<attribute name="ConfidentialityCodes"/>
<attribute name="AuthorPersonMapping"/>
<attribute name="AuthorRoles"/>
<attribute name="AutoPublishPropertyFile"/>
<attribute name="AutoPublishDocTitle"/>
<attribute name="RidURL"/>
<attribute name="LocalDomain"/>
<attribute name="AffinityDomain"/>
<attribute name="LogSOAPMessage"/>
<attribute name="IndentSOAPLog"/>
<attribute name="PixQueryServiceName"/>
<attribute name="AuditLoggerName"/>
<attribute name="IANScuServiceName"/>
<attribute name="KeyObjectServiceName"/>
<attribute name="XdsHttpCfgServiceName"/>
<attribute name="UseXDSb"/>
<attribute name="XdsbSourceServiceName"/>
<attribute name="State"/>
</mbean>
