<?xml version="1.0" encoding="UTF-8"?>

<!-- $Id: db2-jdbc2-service.xml 5172 2007-09-26 21:02:32Z gunterze $ -->

<server>

  <!-- ==================================================================== -->
  <!-- Persistence and caching using Oracle                                 -->
  <!-- IMPORTANT: Remove hsqldb-jdbc2-service.xml                           -->
  <!-- ==================================================================== -->

  <!--
     | The destination manager is the core service within JBossMQ
  -->
  <mbean code="org.jboss.mq.server.jmx.DestinationManager" name="jboss.mq:service=DestinationManager">
    <depends optional-attribute-name="MessageCache">jboss.mq:service=MessageCache</depends>
    <depends optional-attribute-name="PersistenceManager">jboss.mq:service=PersistenceManager</depends>
    <depends optional-attribute-name="StateManager">jboss.mq:service=StateManager</depends>
  </mbean>

  <!--
     | The MessageCache decides where to put JBossMQ message that
     | are sitting around waiting to be consumed by a client.
     |
     | The memory marks are in Megabytes.  Once the JVM memory usage hits
     | the high memory mark, the old messages in the cache will start getting
     | stored in the DataDirectory.  As memory usage gets closer to the
     | Max memory mark, the amount of message kept in the memory cache aproaches 0.
   -->
  <mbean code="org.jboss.mq.server.MessageCache"
	 name="jboss.mq:service=MessageCache">
    <attribute name="HighMemoryMark">50</attribute>
    <attribute name="MaxMemoryMark">60</attribute>
    <attribute name="CacheStore">jboss.mq:service=PersistenceManager</attribute>
  </mbean>

  <!-- The PersistenceManager is used to store messages to disk. -->
  <!-- 
     | The jdbc2 PersistenceManager is the new improved JDBC implementation.
     | This implementation allows you to control how messages are stored in 
     | the database.
     | 
     | This jdbc2 PM configuration has been tested against DB2 v8.1
   -->
  <mbean code="org.jboss.mq.pm.jdbc2.PersistenceManager"
	 name="jboss.mq:service=PersistenceManager">
    <depends optional-attribute-name="ConnectionManager">jboss.jca:service=DataSourceBinding,name=pacsDS</depends>
    <attribute name="SqlProperties">
      BLOB_TYPE=BINARYSTREAM_BLOB
      INSERT_TX = INSERT INTO JMS_NODE_TXS (TXID) values(?)
      INSERT_MESSAGE = INSERT INTO JMS_NODE_MSGS (MESSAGEID, DESTINATION, MESSAGEBLOB, TXID, TXOP) VALUES(?,?,?,?,?)
      SELECT_ALL_UNCOMMITED_TXS = SELECT TXID FROM JMS_NODE_TXS
      SELECT_MAX_TX = SELECT MAX(TXID) FROM JMS_NODE_MSGS
      DELETE_ALL_TX = DELETE FROM JMS_NODE_TXS
      SELECT_MESSAGES_IN_DEST = SELECT MESSAGEID, MESSAGEBLOB FROM JMS_NODE_MSGS WHERE DESTINATION=?
      SELECT_MESSAGE_KEYS_IN_DEST = SELECT MESSAGEID FROM JMS_NODE_MSGS WHERE DESTINATION=?
      SELECT_MESSAGE = SELECT MESSAGEID, MESSAGEBLOB FROM JMS_NODE_MSGS WHERE MESSAGEID=? AND DESTINATION=?
      MARK_MESSAGE = UPDATE JMS_NODE_MSGS SET TXID=?, TXOP=? WHERE MESSAGEID=? AND DESTINATION=?
      UPDATE_MESSAGE = UPDATE JMS_NODE_MSGS SET MESSAGEBLOB=? WHERE MESSAGEID=? AND DESTINATION=?
      UPDATE_MARKED_MESSAGES = UPDATE JMS_NODE_MSGS SET TXID=?, TXOP=? WHERE TXOP=?
      UPDATE_MARKED_MESSAGES_WITH_TX = UPDATE JMS_NODE_MSGS SET TXID=?, TXOP=? WHERE TXOP=? AND TXID=?
      DELETE_MARKED_MESSAGES_WITH_TX = DELETE FROM JMS_NODE_MSGS WHERE TXID IN (SELECT TXID FROM JMS_NODE_TXS) AND TXOP=?
      DELETE_TX = DELETE FROM JMS_NODE_TXS WHERE TXID = ?
      DELETE_MARKED_MESSAGES = DELETE FROM JMS_NODE_MSGS WHERE TXID=? AND TXOP=?
      DELETE_TEMPORARY_MESSAGES = DELETE FROM JMS_NODE_MSGS WHERE TXOP='T'
      DELETE_MESSAGE = DELETE FROM JMS_NODE_MSGS WHERE MESSAGEID=? AND DESTINATION=?
      CREATE_MESSAGE_TABLE = CREATE TABLE JMS_NODE_MSGS ( MESSAGEID INTEGER NOT NULL, \
         DESTINATION VARCHAR(255) NOT NULL, TXID INTEGER, TXOP CHAR(1), \
         MESSAGEBLOB BLOB, PRIMARY KEY (MESSAGEID, DESTINATION) )
      CREATE_IDX_MESSAGE_TXOP_TXID = CREATE INDEX JMS_NODE_MSGS_TXOP ON JMS_NODE_MSGS (TXOP, TXID)
      CREATE_IDX_MESSAGE_DESTINATION = CREATE INDEX JMS_NODE_MSGS_DEST ON JMS_NODE_MSGS (DESTINATION)
      CREATE_TX_TABLE = CREATE TABLE JMS_NODE_TXS ( TXID INTEGER NOT NULL, PRIMARY KEY (TXID) )
      CREATE_TABLES_ON_STARTUP = TRUE
    </attribute>
    <!-- Uncomment to override the transaction timeout for recovery per queue/subscription, in seconds -->
    <!--attribute name="RecoveryTimeout">0</attribute-->
    <!-- The number of blobs to load at once during message recovery -->
    <attribute name="RecoverMessagesChunk">0</attribute>
  </mbean>

</server>
