﻿<?xml version="1.0" encoding="UTF-8"?>
<!DOCTYPE mbean PUBLIC
   "-//JBoss//DTD JBOSS XMBEAN 1.1//EN"
   "http://www.jboss.org/j2ee/dtd/jboss_xmbean_1_1.dtd">
<mbean>
  <description><![CDATA[<b>WADO Service</b><br/>
  Provides a Web Enabled DICOM Server to allow <b>W</b>eb <b>A</b>ccess for <b>D</b>ICOM persistent <b>O</b>bjects.<br/>
  Supported mime-types are <tt>application/dicom</tt> and <tt>image/jpeg</tt>.<br>
  Supported Optional request parameter: <i>rows, column, frameNumber, transferSyntax</i> and <i>contentType</i>.
  <p>
  <dl> 
  <dt>particular features:</dt>
  <dd>This implementation use relational query support.<br>
  Therefore the request parameter <i>studyUID</i> and <i>seriesUID</i> may be empty. 
  (it is NOT allowed to omit these parameters due to WADO specification)</dd>
  <dd>Redirect: If this WADO service handles a request for an object that is external retrievable,
  a client- or server side redirect can be initiated (see <tt>useClientRedirect</tt>).</dd>
  </dl>
  </p>]]>
  </description>

  <descriptors>
    <persistence persistPolicy="OnUpdate" />
    <persistence-manager
      value="org.jboss.mx.persistence.DelegatingPersistenceManager" />
  </descriptors>

  <class>org.dcm4chex.wado.mbean.WADOService</class>

  <constructor>
    <description>The default constructor</description>
    <name>WADOService</name>
  </constructor>

  <attribute access="read-write" getMethod="getCacheRoot"
    setMethod="setCacheRoot">
    <description>Root directory where jpegs are stored for caching. 
    </description>
    <name>CacheRoot</name>
    <type>java.lang.String</type>
    <descriptors>
      <value value="wadocache" />
    </descriptors>
  </attribute>

  <attribute access="read-write" getMethod="getDeleterThresholds"
    setMethod="setDeleterThresholds">
    <description><![CDATA[Defines thresholds dependent on hour of day, for deleting the most
        infrequently accessed images. Format: HOUR:##MB or HOUR:##GB,
        multiple thresholds with different (start) hour separated by ';'.]]>
    </description>
    <name>DeleterThresholds</name>
    <type>java.lang.String</type>
    <descriptors>
      <value value="23:50MB" />
    </descriptors>
  </attribute>

  <attribute access="read-write" getMethod="getPreferredFreeSpace"
    setMethod="setPreferredFreeSpace">
    <description>Preferred free disk space (MB = 1000000 Bytes,
      GB = 1000MB). </description>
    <name>PreferredFreeSpace</name>
    <type>java.lang.String</type>
    <descriptors>
      <value value="100MB" />
    </descriptors>
  </attribute>

  <attribute access="read-write" getMethod="getFreeDiskSpaceInterval"
    setMethod="setFreeDiskSpaceInterval">
    <description>Interval in which the available disk space is
      checked and, if necessary, the cache is cleaned. Format: ##m (in
      minutes), ##h (in hours), ##d (in days). NEVER (= disable cache
      deletion). </description>
    <name>FreeDiskSpaceInterval</name>
    <type>java.lang.String</type>
    <descriptors>
      <value value="10m" />
    </descriptors>
  </attribute>

  <attribute access="read-only" getMethod="getImageSopCuids">
    <description><![CDATA[
        List of image SOP Classes that this WADO service can handled as image. 
        (List is defined as AcceptedImageSOPClasses in StoreScp Service]]>
    </description>
    <name>ImageSOPClasses</name>
    <type>java.lang.String</type>
    <descriptors>
    </descriptors>
  </attribute>

  <attribute access="read-write" getMethod="getImageQuality"
    setMethod="setImageQuality">
    <description>The quality of JPEG images to be returned within the
      range 1 to 100, 100 being the best quality. </description>
    <name>ImageQuality</name>
    <type>java.lang.String</type>
    <descriptors>
      <value value="75" />
    </descriptors>
  </attribute>

  <attribute access="read-write" getMethod="getImageWriterClass"
    setMethod="setImageWriterClass">
    <description><![CDATA[Class name of used JPEG Encoder, either implementing
      <code>javax.imageio.ImageWriter</code> (e.g.:
      <code>com.sun.imageio.plugins.jpeg.JPEGImageWriter</code>,
      <code>com.sun.media.imageioimpl.plugins.jpeg.CLibJPEGImageWriter</code>) or
      - if provided by the JRE -
      <code>com.sun.image.codec.jpeg.JPEGImageEncoder</code>.]]>
    </description>
    <name>ImageWriterClass</name>
    <type>java.lang.String</type>
    <descriptors>
      <value
        value="com.sun.media.imageioimpl.plugins.jpeg.CLibJPEGImageWriter" />
    </descriptors>
  </attribute>

  <attribute access="read-write" getMethod="isClientRedirect"
    setMethod="setClientRedirect">
    <description>Enables client side redirection if requested
      DICOM object is no locally available. If client side redirect is
      disabled, the server side redirect is enabled! </description>
    <name>useClientRedirect</name>
    <type>boolean</type>
    <descriptors>
      <value value="false" />
    </descriptors>
  </attribute>

  <attribute access="read-write" getMethod="isRedirectCaching"
    setMethod="setRedirectCaching">
    <description>Enables caching for server side redirect! has no
      effect if client side redirect is enabled! </description>
    <name>useRedirectCaching</name>
    <type>boolean</type>
    <descriptors>
      <value value="true" />
    </descriptors>
  </attribute>

  <attribute access="read-write" getMethod="isUseTransferSyntaxOfFileAsDefault"
    setMethod="setUseTransferSyntaxOfFileAsDefault">
    <description>Set the handling of missing transfersyntax parameter
      if content type is application/dicom. If enabled, the default
      transfer syntax is chosen from the file.(NOT WADO conform!) If
      disabled, the default transfer syntax is explicit VR little endian
      (as defined in part 18). </description>
    <name>UseTransferSyntaxOfFileAsDefault</name>
    <type>boolean</type>
    <descriptors>
      <value value="true" />
    </descriptors>
  </attribute>

  <attribute access="read-write" getMethod="getSrImageRows"
    setMethod="setSrImageRows">
    <description>Set fixed size of referenced images in rendered
      Structured Reports (by rows). NONE means original image size. 
    </description>
    <name>SRfixedImageRows</name>
    <type>java.lang.String</type>
    <descriptors>
      <value value="NONE" />
    </descriptors>
  </attribute>

  <attribute access="read-write" getMethod="getHtmlXslURL"
    setMethod="setHtmlXslURL">
    <description>URL to XSLT stylesheet to render DICOM SR to HTML
      (Use NONE to disable this transformation) . </description>
    <name>HtmlXslURL</name>
    <type>java.lang.String</type>
    <descriptors>
      <value value="resource:xsl/sr_html.xsl" />
    </descriptors>
  </attribute>

  <attribute access="read-write" getMethod="getXHtmlXslURL"
    setMethod="setXHtmlXslURL">
    <description>URL to XSLT stylesheet to render DICOM SR to XHTML
      (Use NONE to disable this transformation) . </description>
    <name>XHtmlXslURL</name>
    <type>java.lang.String</type>
    <descriptors>
      <value value="resource:xsl/sr_html.xsl" />
    </descriptors>
  </attribute>

  <attribute access="read-write" getMethod="getXmlXslURL"
    setMethod="setXmlXslURL">
    <description>URL to XSLT stylesheet to render DICOM SR to XML
      (Use NONE to disable this transformation) . </description>
    <name>XmlXslURL</name>
    <type>java.lang.String</type>
    <descriptors>
      <value value="resource:xsl/sr_xml_style.xsl" />
    </descriptors>
  </attribute>

  <attribute access="read-write" getMethod="getDicomXslURL"
    setMethod="setDicomXslURL">
    <description>URL to XSLT stylesheet to render DICOM to HTML (Use
      NONE to disable this transformation) . </description>
    <name>DicomXslURL</name>
    <type>java.lang.String</type>
    <descriptors>
      <value value="resource:xsl/dicom_html.xsl" />
    </descriptors>
  </attribute>

  <attribute access="read-write" getMethod="getContentTypeDicomXML"
    setMethod="setContentTypeDicomXML">
    <description>Response Content type (mime type) of request
      with application/dicom+xml. Use NONE to disable
      application/dicom+xml requests. </description>
    <name>ContentTypeDicomXML</name>
    <type>java.lang.String</type>
    <descriptors>
      <value value="text/html" />
    </descriptors>
  </attribute>

  <attribute access="read-write" getMethod="getTextSopCuids"
    setMethod="setTextSopCuids">
    <description>List of SOP Class UIDs that are used to find Text
      (SR) documents (separated with semicolon or newline). Use either
      the SOP Class UID or the symbolic name! Use an empty value to
      reset this list. </description>
    <name>TextSopCuids</name>
    <type>java.lang.String</type>
    <descriptors>
      <value value="" />
    </descriptors>
  </attribute>

  <attribute access="read-write" getMethod="getVideoSopCuids"
    setMethod="setVideoSopCuids">
    <description>List of Video SOP Class UIDs for mpeg2 support
      (separated with semicolon or newline). Use either the SOP Class
      UID or the symbolic name! Use NONE to disable mpeg2 support. 
    </description>
    <name>VideoSopCuids</name>
    <type>java.lang.String</type>
    <descriptors>
      <value
        value="VideoEndoscopicImageStorage;VideoMicroscopicImageStorage;VideoPhotographicImageStorage" />
    </descriptors>
  </attribute>

  <attribute access="read-write" getMethod="getEncapsulatedSopCuids"
    setMethod="setEncapsulatedSopCuids">
    <description>List of SOP Class UIDs where content is
      encapsulated like EncapsulatedPDFStorage. (separated with
      semicolon or newline). Use either the SOP Class UID or the
      symbolic name! Use NONE to disable encapsulated DICOM support. 
    </description>
    <name>EncapsulatedSopCuids</name>
    <type>java.lang.String</type>
    <descriptors>
      <value value="EncapsulatedPDFStorage;Dcm4cheEncapsulatedDocumentStorage" />
    </descriptors>
  </attribute>

  <attribute access="read-write" getMethod="getDisabledAuditLogHosts"
    setMethod="setDisabledAuditLogHosts">
    <description>List of Host where audit log is disabled. Use NONE
      or ALL to enable/disable audit log for all WADO requests. 
    </description>
    <name>DisabledAuditLogHosts</name>
    <type>java.lang.String</type>
    <descriptors>
      <value value="NONE" />
    </descriptors>
  </attribute>

  <attribute access="read-write" getMethod="isDisableDNS"
    setMethod="setDisableDNS">
    <description>Disable/enable Hostname Lookup (DNS) for
      Audit Log. </description>
    <name>DisableHostLookup</name>
    <type>boolean</type>
    <descriptors>
      <value value="false" />
    </descriptors>
  </attribute>

  <attribute access="read-write" getMethod="getTimerID"
    setMethod="setTimerID">
    <description>Used internally. Do NOT modify. </description>
    <name>TimerID</name>
    <type>java.lang.String</type>
  </attribute>

  <attribute access="read-write" getMethod="getQueryRetrieveScpName"
    setMethod="setQueryRetrieveScpName">
    <description>Used internally. Do NOT modify.</description>
    <name>QueryRetrieveScpName</name>
    <type>javax.management.ObjectName</type>
  </attribute>

  <attribute access="read-write" getMethod="getStoreScpServiceName"
    setMethod="setStoreScpServiceName">
    <description>Used internally. Do NOT modify. </description>
    <name>StoreScpServiceName</name>
    <type>javax.management.ObjectName</type>
  </attribute>

  <attribute access="read-write" getMethod="getAuditLoggerName"
    setMethod="setAuditLoggerName">
    <description>Used internally. Do NOT modify. </description>
    <name>AuditLoggerName</name>
    <type>javax.management.ObjectName</type>
  </attribute>

  <attribute access="read-write" getMethod="getSchedulerServiceName"
    setMethod="setSchedulerServiceName">
    <description>Used internally. Do NOT modify. </description>
    <name>SchedulerServiceName</name>
    <type>javax.management.ObjectName</type>
  </attribute>
  
  &defaultAttributes;

   <!-- Operations -->
   &defaultOperations;

   <operation impact="INFO">
      <description>Show free disk space</description>
      <name>showFreeSpace</name>
      <return-type>java.lang.String</return-type>
   </operation>

   <operation impact="INFO">
      <description>Show free disk space</description>
      <name>showMinFreeSpace</name>
      <return-type>java.lang.String</return-type>
   </operation>
   
   <operation impact="ACTION">
      <description>Clear Cache</description>
      <name>clearCache</name>
      <return-type>java.lang.String</return-type>
   </operation>
   
   <operation impact="ACTION">
      <description>Free Disk Space.
      Delete old files from cache to free disk space.
      </description>
      <name>freeDiskSpace</name>
      <return-type>java.lang.String</return-type>
   </operation>
   
   <operation impact="ACTION">
      <description>Get WADO response object</description>
      <name>getWADOObject</name>
      <parameter>
        <description>Value object of the request.</description>
        <name>reqVO</name>
        <type>org.dcm4chex.wado.common.WADORequestObject</type>
      </parameter>
      <return-type>org.dcm4chex.wado.common.WADOResponseObject</return-type>
   </operation>
  
   <operation impact="ACTION">
      <description>Clear Template Cache</description>
      <name>clearTemplateCache</name>
      <return-type>void</return-type>
   </operation>

   
</mbean>
