<mbean name="dcm4chee.archive:service=FileSystemMgt,group=ONLINE_STORAGE">
<attribute name="DefaultRetrieveAETitle"/>
<attribute name="DefaultAvailability"/>
<attribute name="DefaultUserInformation"/>
<attribute name="DefaultStorageDirectory"/>
<attribute name="CheckStorageFileSystemStatus"/>
<attribute name="MakeStorageDirectory"/>
<attribute name="MountFailedCheckFile"/>
<attribute name="MinimumFreeDiskSpace"/>
<attribute name="CheckFreeDiskSpaceMinimalInterval"/>
<attribute name="CheckFreeDiskSpaceMaximalInterval"/>
<attribute name="DeleterThresholds"/>
<attribute name="ExpectedDataVolumePerDay"/>
<attribute name="AdjustExpectedDataVolumePerDay"/>
<attribute name="DeleteStudyIfNotAccessedFor"/>
<attribute name="DeleteStudyOnlyIfNotAccessedFor"/>
<attribute name="DeleteStudyOnlyIfStorageNotCommited"/>
<attribute name="DeleteStudyOnlyIfExternalRetrieveable"/>
<attribute name="DeleteStudyOnlyIfCopyOnMedia"/>
<attribute name="DeleteStudyOnlyIfCopyOnFileSystemOfFileSystemGroup"/>
<attribute name="DeleteStudyOnlyIfCopyArchived"/>
<attribute name="DeleteStudyOnlyIfCopyOnReadOnlyFileSystem"/>
<attribute name="ScheduleStudiesForDeletionOnSeriesStored"/>
<attribute name="ScheduleStudiesForDeletionInterval"/>
<attribute name="ScheduleStudiesForDeletionBatchSize"/>
<attribute name="DeleteOrphanedPrivateFilesInterval"/>
<attribute name="DeleteOrphanedPrivateFilesBatchSize"/>
<attribute name="UpdateStudiesBatchSize"/>
<attribute name="TimerIDScheduleStudiesForDeletion"/>
<attribute name="TimerIDDeleteOrphanedPrivateFiles"/>
<attribute name="SchedulerServiceName"/>
<attribute name="DeleteStudyServiceName"/>
<attribute name="StoreScpServiceName"/>
<attribute name="State"/>
</mbean>
