<mbean name="dcm4chee.archive:service=MoveScu">
<attribute name="CallingAETitle"/>
<attribute name="CalledAETitle"/>
<attribute name="ForceCalledAET"/>
<attribute name="RetryIntervals"/>
<attribute name="Concurrency"/>
<attribute name="AcceptTimeout"/>
<attribute name="DIMSETimeout"/>
<attribute name="SocketCloseDelay"/>
<attribute name="MaximumPDULength"/>
<attribute name="TcpNoDelay"/>
<attribute name="SendBufferSize"/>
<attribute name="ReceiveBufferSize"/>
<attribute name="QueueName"/>
<attribute name="TLSConfigName"/>
<attribute name="JMSServiceName"/>
<attribute name="State"/>
</mbean>
