<mbean name="dcm4chee.archive:service=RIDService">
<attribute name="ECGSopCuids"/>
<attribute name="SRSopCuids"/>
<attribute name="EncapsulatedDocumentSopCuids"/>
<attribute name="CuidsForSummaryAll"/>
<attribute name="SOPClassUIDGroups"/>
<attribute name="ConceptNameCodes"/>
<attribute name="DocTitlePatterns"/>
<attribute name="WadoURL"/>
<attribute name="RIDSummaryXsl"/>
<attribute name="UseXSLInstruction"/>
<attribute name="UseOrigFile"/>
<attribute name="SRfixedImageRows"/>
<attribute name="WaveformCorrection"/>
<attribute name="QueryRetrieveScpName"/>
<attribute name="AuditLoggerName"/>
<attribute name="State"/>
</mbean>
