<mbean name="dcm4chee.archive:service=ContentEditService">
<attribute name="ReceivingApplication"/>
<attribute name="ReceivingFacility"/>
<attribute name="SendingApplication"/>
<attribute name="SendingFacility"/>
<attribute name="CalledAETitle"/>
<attribute name="CallingAETitle"/>
<attribute name="auditEnabled"/>
<attribute name="HL7SendServiceName"/>
<attribute name="StudyMgtScuServiceName"/>
<attribute name="StoreScpServiceName"/>
<attribute name="MppsScpServiceName"/>
<attribute name="AuditLoggerName"/>
<attribute name="State"/>
</mbean>
