<mbean name="dcm4chee.archive:service=MPPSScp">
<attribute name="CalledAETitles"/>
<attribute name="CallingAETitles"/>
<attribute name="GeneratePatientID"/>
<attribute name="IssuerOfPatientIDGeneratedPatientID"/>
<attribute name="SupplementIssuerOfPatientID"/>
<attribute name="GeneratePatientIDForUnscheduledFromAETitles"/>
<attribute name="AcceptedTransferSyntax"/>
<attribute name="CoerceConfigDirectory"/>
<attribute name="WriteCoercionXmlLog"/>
<attribute name="LogAETitles"/>
<attribute name="MaximumPDULength"/>
<attribute name="MaximumOperationsInvoked"/>
<attribute name="MaximumOperationsPerformed"/>
<attribute name="DcmServerName"/>
<attribute name="AuditLoggerName"/>
<attribute name="TemplatesServiceName"/>
<attribute name="AEServiceName"/>
<attribute name="State"/>
</mbean>
