<?xml version="1.0" encoding="UTF-8"?>
<!-- $Id: dcm4chee-mwlscp-service.xml 3323 2007-05-08 13:04:04Z javawilli $ -->
<server>
  <classpath codebase="lib" archives="dcm4chee.jar"/>
  <mbean code="org.dcm4chex.archive.dcm.mwlscp.MWLFindScpService"
    name="dcm4chee.archive:service=MWLFindScp"
    xmbean-dd="xmdesc/dcm4chee-mwlscp-xmbean.xml">
    <depends optional-attribute-name="AEServiceName"
      >dcm4chee.archive:service=AE</depends>
    <depends optional-attribute-name="AuditLoggerName"
      >dcm4chee.archive:service=AuditLogger</depends>
    <depends optional-attribute-name="DcmServerName"
      >dcm4chee.archive:service=DcmServer</depends>
    <depends optional-attribute-name="MppsScpServiceName"
      >dcm4chee.archive:service=MPPSScp</depends>
    <depends optional-attribute-name="MwlScuServiceName"
      >dcm4chee.archive:service=MWLScu</depends>
    <depends optional-attribute-name="TemplatesServiceName"
      >dcm4chee.archive:service=Templates</depends>
  </mbean>
</server>
