<?xml version="1.0" encoding="UTF-8"?>
<!DOCTYPE server PUBLIC
    "-//JBoss//DTD MBean Service 4.2//EN"
    "http://www.jboss.org/j2ee/dtd/jboss-service_4_2.dtd">
<server>

  <classpath codebase="lib" archives="dcm4chee.jar" />

  <mbean code="org.jboss.mq.server.jmx.Queue"
      name="dcm4chee.archive:service=Queue,name=DeleteStudy">
    <attribute name="ReceiversImpl"
      >org.jboss.mq.server.ReceiversImplLinkedList</attribute>
    <depends optional-attribute-name="DestinationManager"
      >jboss.mq:service=DestinationManager</depends>
  </mbean>

  <mbean code="org.dcm4chex.archive.mbean.DeleteStudyService"
      name="dcm4chee.archive:service=DeleteStudy"
      xmbean-dd="xmdesc/dcm4chee-delstudy-xmbean.xml">
    <attribute name="DeleteStudyQueueName">DeleteStudy</attribute>
    <depends optional-attribute-name="JMSServiceName"
      >dcm4chee.archive:service=JMS</depends>
    <depends>dcm4chee.archive:service=Queue,name=DeleteStudy</depends>
    <depends>jboss.j2ee:jndiName=ejb/FileSystemMgt2,service=EJB</depends>
  </mbean>

</server>
