<?xml version="1.0" encoding="UTF-8"?>
<!-- $Id: dcm4chee-sendmail-service.xml 3327 2007-05-09 13:49:53Z gunterze $ -->
<server>
  <classpath codebase="lib" archives="dcm4chee.jar"/>
  <mbean code="org.jboss.mq.server.jmx.Queue"
    name="dcm4chee.archive:service=Queue,name=Sendmail">
    <depends optional-attribute-name="DestinationManager"
      >jboss.mq:service=DestinationManager</depends>
  </mbean>
  <mbean code="org.dcm4chex.archive.mbean.SendMailService"
    name="dcm4chee.archive:service=Sendmail"
    xmbean-dd="xmdesc/dcm4chee-sendmail-xmbean.xml">
    <depends optional-attribute-name="JMSServiceName"
      >dcm4chee.archive:service=JMS</depends>
    <depends>dcm4chee.archive:service=Queue,name=Sendmail</depends>
    <attribute name="QueueName">Sendmail</attribute>
  </mbean>
</server>
