<?xml version="1.0" encoding="UTF-8"?>
<!-- $Id: dcm4chee-stgcmt-service.xml 7630 2008-10-17 12:49:42Z gunterze $ -->
<server>
  <classpath codebase="lib" archives="dcm4chee.jar"/>
  <mbean code="org.jboss.mq.server.jmx.Queue"
    name="dcm4chee.archive:service=Queue,name=StgCmtScuScp">
    <depends optional-attribute-name="DestinationManager"
      >jboss.mq:service=DestinationManager</depends>
  </mbean>
  <mbean code="org.dcm4chex.archive.dcm.stgcmt.StgCmtScuScpService"
    name="dcm4chee.archive:service=StgCmtScuScp"
    xmbean-dd="xmdesc/dcm4chee-stgcmt-xmbean.xml">
    <attribute name="QueueName">StgCmtScuScp</attribute>
    <!-- TO DO Cannot declare dependency on QueryRetrieveScp
      because QueryRetrieveScp depends itself on StgCmtScuScp -->
    <attribute name="QueryRetrieveScpServiceName"
      >dcm4chee.archive:service=QueryRetrieveScp</attribute>
    <depends optional-attribute-name="AEServiceName"
      >dcm4chee.archive:service=AE</depends>
    <depends optional-attribute-name="DcmServerName"
      >dcm4chee.archive:service=DcmServer</depends>
    <depends optional-attribute-name="TLSConfigName"
      >dcm4chee.archive:service=TLSConfig</depends>
    <depends optional-attribute-name="JMSServiceName"
      >dcm4chee.archive:service=JMS</depends>
    <depends>dcm4chee.archive:service=Queue,name=StgCmtScuScp</depends>
  </mbean>
</server>
