<?xml version="1.0" encoding="UTF-8"?>
<!-- $Id: dcm4chee-filecopy-service.xml 7626 2008-10-17 11:54:48Z gunterze $ -->
<server>
  <classpath codebase="lib" archives="dcm4chee.jar"/>
  <mbean code="org.jboss.mq.server.jmx.Queue"
    name="dcm4chee.archive:service=Queue,name=FileCopy">
    <depends optional-attribute-name="DestinationManager"
      >jboss.mq:service=DestinationManager </depends>
  </mbean>
  <mbean code="org.dcm4chex.archive.hsm.FileCopyService"
    name="dcm4chee.archive:service=FileCopy"
    xmbean-dd="xmdesc/dcm4chee-filecopy-xmbean.xml">
    <attribute name="QueueName">FileCopy</attribute>
    <depends optional-attribute-name="QueryRetrieveScpServiceName"
      >dcm4chee.archive:service=QueryRetrieveScp</depends>
    <depends optional-attribute-name="StoreScpServiceName"
      >dcm4chee.archive:service=StoreScp</depends>
    <depends optional-attribute-name="JMSServiceName"
      >dcm4chee.archive:service=JMS</depends>
    <depends>dcm4chee.archive:service=Queue,name=FileCopy</depends>
  </mbean>
</server>
