<?xml version="1.0" encoding="UTF-8"?>
<!-- $Id$ -->
<server>
  <classpath codebase="lib" archives="dcm4chee.jar"/>
  <mbean code="org.jboss.mq.server.jmx.Queue"
    name="dcm4chee.archive:service=Queue,name=UpgradeToEnhancedMF">
    <depends optional-attribute-name="DestinationManager"
      >jboss.mq:service=DestinationManager </depends>
  </mbean>
  <mbean code="org.dcm4chex.archive.emf.UpgradeToEnhancedMFService"
    name="dcm4chee.archive:service=UpgradeToEnhancedMF"
    xmbean-dd="xmdesc/dcm4chee-upgrade2emf-xmbean.xml">
    <depends optional-attribute-name="QueryRetrieveScpServiceName"
      >dcm4chee.archive:service=QueryRetrieveScp</depends>
    <depends optional-attribute-name="StoreScpServiceName"
      >dcm4chee.archive:service=StoreScp</depends>
    <depends optional-attribute-name="JMSServiceName"
      >dcm4chee.archive:service=JMS</depends>
    <depends>dcm4chee.archive:service=Queue,name=UpgradeToEnhancedMF</depends>
    <attribute name="QueueName">UpgradeToEnhancedMF</attribute>
  </mbean>
</server>
