<?xml version="1.0" encoding="UTF-8"?>
<!-- $Id: dcm4chee-ppsscu-service.xml 3340 2007-05-12 16:00:31Z gunterze $ -->
<server>
  <classpath codebase="lib" archives="dcm4chee.jar"/>
  <mbean code="org.jboss.mq.server.jmx.Queue"
    name="dcm4chee.archive:service=Queue,name=PPSScu">
    <depends optional-attribute-name="DestinationManager">
      jboss.mq:service=DestinationManager </depends>
  </mbean>
  <mbean code="org.dcm4chex.archive.dcm.gpwlscp.PPSScuService"
    name="dcm4chee.archive:service=PPSScu"
    xmbean-dd="xmdesc/dcm4chee-ppsscu-xmbean.xml">
    <depends optional-attribute-name="GpwlScpServiceName"
      >dcm4chee.archive:service=GPWLScp</depends>
    <depends optional-attribute-name="TLSConfigName"
      >dcm4chee.archive:service=TLSConfig</depends>
    <depends optional-attribute-name="JMSServiceName"
      >dcm4chee.archive:service=JMS</depends>
    <depends>dcm4chee.archive:service=Queue,name=PPSScu</depends>
    <attribute name="QueueName">PPSScu</attribute>
  </mbean>
</server>
