<mbean name="dcm4chee.archive:service=ExportManager">
<attribute name="CallingAETitle"/>
<attribute name="ExportSelectorTitles"/>
<attribute name="DelayReasons"/>
<attribute name="DispositionConfigFile"/>
<attribute name="AutoExportConfigDirectory"/>
<attribute name="PersonNameMapping"/>
<attribute name="FilesetIDPattern"/>
<attribute name="FilesetIDSeqno"/>
<attribute name="MediaURIPrefix"/>
<attribute name="DeleteKeyObjectsAfterExport"/>
<attribute name="ExportDelay"/>
<attribute name="AcceptTimeout"/>
<attribute name="DIMSETimeout"/>
<attribute name="SocketCloseDelay"/>
<attribute name="MaximumPDULength"/>
<attribute name="TcpNoDelay"/>
<attribute name="SendBufferSize"/>
<attribute name="ReceiveBufferSize"/>
<attribute name="Concurrency"/>
<attribute name="QueueName"/>
<attribute name="AuditLoggerName"/>
<attribute name="IANScuServiceName"/>
<attribute name="JMSServiceName"/>
<attribute name="StoreScpServiceName"/>
<attribute name="TemplatesServiceName"/>
<attribute name="TLSConfigName"/>
<attribute name="State"/>
</mbean>
