<mbean name="dcm4chee.archive:service=Prefetch">
<attribute name="Stylesheet"/>
<attribute name="PrefetchSourceAETitle"/>
<attribute name="SourceQueryPriority"/>
<attribute name="DestinationQueryAETitle"/>
<attribute name="DestinationQueryPriority"/>
<attribute name="DestinationStorageAETitle"/>
<attribute name="CallingAETitle"/>
<attribute name="RetrievePriority"/>
<attribute name="RetryIntervalls"/>
<attribute name="Concurrency"/>
<attribute name="AcceptTimeout"/>
<attribute name="DIMSETimeout"/>
<attribute name="SocketCloseDelay"/>
<attribute name="MaximumPDULength"/>
<attribute name="TcpNoDelay"/>
<attribute name="SendBufferSize"/>
<attribute name="ReceiveBufferSize"/>
<attribute name="QueueName"/>
<attribute name="MoveScuServiceName"/>
<attribute name="HL7ServerName"/>
<attribute name="TLSConfigName"/>
<attribute name="JMSServiceName"/>
<attribute name="TemplatesServiceName"/>
<attribute name="State"/>
</mbean>
