<?xml version="1.0" encoding="UTF-8"?>
<!-- $Id: dcm4chee-stymgtscu-service.xml 3340 2007-05-12 16:00:31Z gunterze $ -->
<server>
  <classpath codebase="lib" archives="dcm4chee.jar"/>
  <mbean code="org.jboss.mq.server.jmx.Queue"
    name="dcm4chee.archive:service=Queue,name=StudyMgtScu">
    <depends optional-attribute-name="DestinationManager"
      >jboss.mq:service=DestinationManager</depends>
  </mbean>
  <mbean code="org.dcm4chex.archive.dcm.stymgt.StudyMgtScuService"
    name="dcm4chee.archive:service=StudyMgtScu"
    xmbean-dd="xmdesc/dcm4chee-stymgtscu-xmbean.xml">
    <depends optional-attribute-name="StudyMgtScpServiceName"
      >dcm4chee.archive:service=StudyMgtScp</depends>
    <depends optional-attribute-name="TLSConfigName"
      >dcm4chee.archive:service=TLSConfig</depends>
    <depends optional-attribute-name="JMSServiceName"
      >dcm4chee.archive:service=JMS</depends>
    <depends>dcm4chee.archive:service=Queue,name=StudyMgtScu</depends>
    <attribute name="QueueName">StudyMgtScu</attribute>
  </mbean>
</server>
