<?xml version="1.0" encoding="UTF-8"?>
<!-- $Id: dcm4chee-movescu-service.xml 3340 2007-05-12 16:00:31Z gunterze $ -->
<server>
  <classpath codebase="lib" archives="dcm4chee.jar"/>
  
  <mbean code="org.jboss.mq.server.jmx.Queue"
	 name="dcm4chee.archive:service=Queue,name=MoveScu">
     <depends optional-attribute-name="DestinationManager">
     	jboss.mq:service=DestinationManager
     </depends>
  </mbean>
   
  <mbean code="org.dcm4chex.archive.dcm.movescu.MoveScuService" 
	     name="dcm4chee.archive:service=MoveScu"
	     xmbean-dd="xmdesc/dcm4chee-movescu-xmbean.xml">
    <depends>dcm4chee.archive:service=QueryRetrieveScp</depends>
    <depends optional-attribute-name="TLSConfigName"
      >dcm4chee.archive:service=TLSConfig</depends>
    <depends optional-attribute-name="JMSServiceName"
      >dcm4chee.archive:service=JMS</depends>
    <depends>dcm4chee.archive:service=Queue,name=MoveScu</depends>
    <attribute name="QueueName">MoveScu</attribute>
  </mbean>
</server>

