<?xml version="1.0" encoding="UTF-8"?>
<!-- $Id: dcm4chee-ianscu-service.xml 7628 2008-10-17 12:10:24Z gunterze $ -->
<server>
  <classpath codebase="lib" archives="dcm4chee.jar"/>
  <mbean code="org.jboss.mq.server.jmx.Queue"
    name="dcm4chee.archive:service=Queue,name=IANScu">
    <depends optional-attribute-name="DestinationManager"
      >jboss.mq:service=DestinationManager</depends>
  </mbean>
  <mbean code="org.dcm4chex.archive.dcm.ianscu.IANScuService"
    name="dcm4chee.archive:service=IANScu"
    xmbean-dd="xmdesc/dcm4chee-ianscu-xmbean.xml">
    <depends optional-attribute-name="DeleteStudyServiceName"
      >dcm4chee.archive:service=DeleteStudy</depends>
    <depends optional-attribute-name="StoreScpServiceName"
      >dcm4chee.archive:service=StoreScp</depends>
    <depends optional-attribute-name="MppsScpServiceName"
      >dcm4chee.archive:service=MPPSScp</depends>
    <depends optional-attribute-name="TLSConfigName"
      >dcm4chee.archive:service=TLSConfig</depends>
    <depends optional-attribute-name="JMSServiceName"
      >dcm4chee.archive:service=JMS</depends>
    <depends>dcm4chee.archive:service=Queue,name=IANScu</depends>
    <attribute name="QueueName">IANScu</attribute>
  </mbean>
</server>
