<mbean name="dcm4chee.archive:service=WADOService">
<attribute name="CacheRoot"/>
<attribute name="DeleterThresholds"/>
<attribute name="PreferredFreeSpace"/>
<attribute name="FreeDiskSpaceInterval"/>
<attribute name="ImageQuality"/>
<attribute name="ImageWriterClass"/>
<attribute name="useClientRedirect"/>
<attribute name="useRedirectCaching"/>
<attribute name="UseTransferSyntaxOfFileAsDefault"/>
<attribute name="SRfixedImageRows"/>
<attribute name="HtmlXslURL"/>
<attribute name="XHtmlXslURL"/>
<attribute name="XmlXslURL"/>
<attribute name="DicomXslURL"/>
<attribute name="ContentTypeDicomXML"/>
<attribute name="TextSopCuids"/>
<attribute name="VideoSopCuids"/>
<attribute name="EncapsulatedSopCuids"/>
<attribute name="DisabledAuditLogHosts"/>
<attribute name="DisableHostLookup"/>
<attribute name="TimerID"/>
<attribute name="QueryRetrieveScpName"/>
<attribute name="StoreScpServiceName"/>
<attribute name="AuditLoggerName"/>
<attribute name="SchedulerServiceName"/>
<attribute name="State"/>
</mbean>
